mAP50,mAP50-95,precision,recall,inference_time,training_time
0.8149241293037124,0.6590296185934897,0.8427857756654822,0.6933426050420304,15.532500587415324,1667.355031967163
